accession_id,BETA-LACTAM
ERR3306705,none
ERR3306150,none
SRR9847407,none
SRR18319082,blaTEM-1
SRR18319147,blaTEM-1
ERR3264912,none
SRR7692501,none
SRR18319233,blaROB-1
SRR16080861,none
SRR9847235,none
SRR16080856,none
SRR7719303,none
ERR3306709,none
ERR3264425,none
ERR3306451,none
SRR9327606,none
SRR11233596,blaTEM-1
SRR16080688,none
SRR9847195,blaTEM-1
SRR16080902,none
SRR9847242,none
ERR3264509,none
ERR3306092,none
SRR16080885,none
SRR3111818,none
ERR3306208,none
ERR3306317,none
SRR7692426,none
ERR3306432,none
ERR3306237,none
SRR9847318,none
ERR3306750,none
ERR3264742,none
ERR3264751,none
SRR9847082,none
SRR18318862,blaTEM-1
SRR9847008,none
ERR3306689,none
ERR2206385,blaTEM-1
SRR18318968,blaTEM-1
ERR3264643,none
SRR9328962,none
ERR3306617,none
SRR2537163,none
ERR3306001,none
ERR3306214,none
ERR3306077,none
SRR9847413,none
SRR7692440,none
SRR16080945,none
SRR9847526,none
ERR3264979,none
SRR16080922,none
SRR18318857,none
ERR2206341,none
SRR16080845,none
SRR10906049,none
SRR16080874,none
SRR11233601,none
SRR9847246,none
ERR2206425,none
ERR3264940,none
ERR2206375,none
SRR9846991,none
ERR3305949,none
ERR3306518,none
SRR9847354,blaTEM-1
SRR9847309,blaTEM-1
ERR3264771,none
SRR16080770,none
ERR3306436,blaTEM-1
ERR3306576,none
ERR2206456,none
SRR9847463,none
SRR9847121,none
SRR18318921,none
ERR3306239,none
SRR18318962,none
SRR18318790,none
ERR3264944,none
ERR3305958,none
ERR3264502,none
ERR3306146,none
SRR16080942,none
ERR3264513,none
ERR3306645,none
SRR7692444,none
ERR3264735,none
SRR9847248,none
SRR18319085,none
SRR2537165,none
ERR3264582,none
SRR18319341,blaTEM-1
ERR2560748,none
ERR2206465,none
SRR18319337,blaROB-1
ERR2560775,none
ERR4014174,none
SRR9847507,blaTEM-1
ERR3306193,none
ERR3306204,none
SRR9847638,none
SRR9847607,blaTEM-1
ERR3306038,none
ERR3306530,none
ERR3264558,none
ERR2206592,none
ERR3306537,none
ERR3306174,none
ERR3305961,none
SRR9847099,none
ERR3264846,none
SRR9847033,none
ERR6049648,blaROB-1
SRR9847501,none
SRR9847562,none
ERR2206411,none
SRR9847588,none
ERR2206530,none
SRR16080685,none
ERR3306465,none
ERR2560740,none
ERR3264766,none
ERR3306474,none
ERR3264638,none
SRR16080711,none
SRR9847068,none
SRR9847456,none
ERR3264879,none
SRR9331824,none
ERR2206553,none
SRR9847613,none
SRR3111816,none
SRR18319110,blaTEM-1
SRR18319024,none
ERR2560731,none
SRR9847310,blaTEM-1
ERR3306541,none
SRR16080879,none
ERR3306772,none
SRR9847214,none
ERR3305917,none
ERR2560706,none
ERR3264902,none
ERR3264893,none
SRR9331828,none
SRR9847153,blaTEM-1
ERR3306391,none
SRR16080836,none
ERR2206384,none
ERR3264729,none
ERR4014145,blaTEM-1
SRR3404584,blaTEM-1
SRR9847294,none
SRR18319047,none
SRR3111838,none
ERR3306316,none
SRR7719265,none
SRR9847422,blaTEM-1
ERR3306747,none
SRR16080709,none
SRR9847498,none
SRR18319260,blaTEM-1
SRR9331463,none
ERR3306137,none
SRR18319328,none
SRR9328969,none
ERR3305913,none
ERR716324,none
SRR9847496,none
SRR18319039,none
SRR18319060,none
SRR18319218,none
ERR3264535,none
ERR3306533,none
ERR3306380,none
ERR4014162,blaTEM-1
SRR9847030,none
SRR16080804,none
SRR9847571,none
ERR3264646,none
SRR16080949,none
ERR4014006,blaTEM-1
SRR3404585,blaTEM-1
SRR16080853,none
ERR3306427,none
SRR9847285,none
SRR18319180,blaROB-1
SRR18319193,none
SRR9847476,blaTEM-1
SRR18319321,none
SRR9847624,none
ERR2206570,none
ERR3305942,none
ERR2560754,none
SRR9847636,none
ERR3264703,none
ERR2206481,blaTEM-1
ERR3306149,none
ERR3306567,none
SRR12805684,none
ERR3264588,none
ERR3264852,none
SRR16080837,none
ERR2206463,none
SRR9327612,none
SRR9847063,none
SRR16080873,none
ERR3306276,none
ERR3306172,none
SRR9847645,none
SRR10906045,none
ERR3306655,none
SRR9847475,none
SRR16080946,none
SRR16080917,none
SRR9123318,none
SRR16080869,none
SRR7692437,none
ERR3306361,none
SRR16080718,none
SRR9847580,none
ERR2206470,none
SRR18318840,none
ERR2206515,none
ERR2206339,none
ERR3306151,none
SRR7719262,none
SRR3111811,none
SRR9847230,none
ERR3264889,none
ERR3264818,none
SRR18318844,none
SRR18319287,none
ERR3306417,none
ERR3264549,none
SRR7692526,none
SRR9328968,none
ERR3264719,none
SRR9847311,none
ERR3306138,none
SRR9847591,blaTEM-1
ERR3264881,none
SRR18318971,none
SRR9847569,none
ERR4014136,none
SRR9847112,none
SRR18318975,none
SRR18319264,none
ERR3306265,none
SRR9847213,blaTEM-1
ERR3264727,none
SRR18318922,none
SRR9847524,none
ERR3264615,none
SRR18319204,blaTEM-1
SRR9847203,none
ERR3306395,none
ERR5262134,none
SRR9847253,none
ERR3264406,none
SRR18318813,blaTEM-1
ERR2206559,blaTEM-1
ERR3264731,none
SRR18319083,none
SRR9847293,blaTEM-1
ERR3306437,none
SRR16080722,none
SRR18319226,blaTEM-1
ERR3264628,none
SRR9847166,none
SRR9847516,none
SRR9847563,none
ERR3264817,none
SRR18319030,none
SRR9847594,blaTEM-1
SRR18318957,none
ERR2560758,none
ERR2206350,none
SRR9847217,none
ERR2206457,none
SRR9847189,none
ERR2206534,blaTEM-1
SRR7719261,none
ERR3306027,none
ERR3306679,none
SRR9331832,none
SRR18318871,none
SRR9184992,none
ERR3264427,none
SRR18319154,blaTEM-1
ERR3306114,none
SRR9331825,none
ERR2206469,blaTEM-1
SRR9328974,none
ERR3264702,none
ERR3306599,none
SRR18319161,none
SRR9847586,none
ERR6049674,none
ERR3306496,none
SRR18319048,none
SRR9847089,blaTEM-1
SRR16080742,none
SRR9847282,none
SRR9847555,blaTEM-1
SRR9847296,blaTEM-1
ERR5262150,none
SRR18319234,none
ERR2206428,none
ERR3264657,none
SRR18318795,none
SRR7692490,none
SRR9847360,none
SRR3111862,none
SRR18318849,none
SRR18319094,none
SRR11233599,none
SRR9847484,none
SRR9847313,blaTEM-1
ERR3264479,none
ERR4014678,none
ERR3306505,none
SRR18319284,blaTEM-1
SRR16080865,none
SRR9328956,none
ERR3306093,none
SRR7692482,none
SRR18319107,none
SRR16080686,none
SRR9847306,none
ERR3306270,none
SRR18319100,none
ERR3306081,none
ERR3306040,none
ERR2206408,none
SRR18319044,none
ERR3305964,none
SRR9847533,none
SRR18318938,none
SRR10906051,none
SRR16080921,none
ERR3306535,none
ERR3306198,none
ERR2560782,blaTEM-1
ERR2206494,none
SRR9847575,none
ERR3306062,none
ERR3264564,none
ERR3306463,none
SRR18318911,none
ERR3264941,none
ERR3264630,none
ERR3264633,none
SRR9123340,none
ERR2206500,none
ERR3306608,none
ERR2206480,none
SRR18319033,none
SRR9847177,none
SRR9847018,blaTEM-1
SRR9847015,blaTEM-1
SRR18319080,blaTEM-1
ERR3306066,none
SRR2536357,none
ERR3306025,none
SRR18319013,none
ERR3305937,none
SRR11233613,blaTEM-1
SRR18319177,none
ERR4013857,none
SRR16080904,none
ERR3306687,none
SRR9847176,none
SRR18319306,none
ERR3264442,none
SRR18318883,none
SRR2537177,none
SRR7692446,none
ERR2560747,none
ERR3306374,none
ERR3264433,none
SRR11233604,none
SRR7692516,none
ERR3264773,none
ERR3264792,none
ERR4013904,none
ERR3306452,none
ERR3264508,none
ERR3305994,none
SRR9327610,none
ERR2206413,none
SRR18318873,none
SRR9847549,none
SRR9847534,none
ERR3306088,none
ERR6049652,none
SRR18319207,none
SRR18319279,blaROB-1
ERR3264721,none
ERR3306720,none
SRR9847127,none
ERR3264673,none
SRR18318920,none
ERR3264401,none
SRR16080907,none
ERR2560697,none
SRR9847493,none
SRR16080729,none
SRR18319192,blaTEM-1
ERR3306335,none
ERR3305977,none
ERR3306156,none
ERR3306760,none
ERR3264864,none
SRR9847204,none
ERR3306166,none
SRR9847372,none
ERR6049667,none
SRR9847262,blaTEM-1
ERR3264906,none
ERR3264969,none
ERR3306123,none
ERR2206585,none
ERR3306206,none
SRR18319277,none
SRR18318925,none
ERR3264667,none
ERR3306019,none
ERR3306181,none
SRR9331829,none
ERR2560780,none
ERR3264777,none
SRR16080791,none
ERR3264716,none
SRR3404583,blaTEM-1
ERR3306163,none
SRR18319297,none
SRR16080766,none
SRR9847574,none
ERR3264832,none
ERR4013859,blaTEM-1
ERR3306540,none
SRR16080859,none
SRR9847232,none
ERR2206343,none
ERR3306466,none
ERR3264800,none
ERR2206390,none
SRR18319232,blaTEM-1
ERR3305950,none
SRR18318986,blaTEM-1
SRR9847349,none
ERR6049677,none
ERR2206542,none
ERR3306389,none
SRR9847505,blaTEM-1
ERR3306155,none
SRR9328965,none
SRR9847595,none
SRR9123336,none
ERR3306196,none
ERR3306592,none
ERR3306147,none
ERR4013848,blaTEM-1
ERR3306132,none
ERR6049666,none
ERR3264680,none
ERR3264861,none
ERR2206458,blaTEM-1
ERR3306170,none
SRR16080852,none
ERR3306052,none
SRR16080776,none
SRR18318819,none
ERR3306254,none
SRR9123323,none
SRR7692487,none
SRR9847520,none
ERR3306414,none
SRR18319216,blaTEM-1
SRR9847086,none
SRR9847175,none
SRR9847550,none
SRR9847486,none
SRR3111815,none
ERR3264957,none
ERR3264448,none
SRR9331819,none
ERR3264517,none
SRR9847292,none
SRR18318826,blaTEM-1
SRR16080980,none
ERR3306028,none
ERR3306356,none
SRR3111822,none
ERR3306055,none
SRR18319172,none
SRR18318852,none
ERR3264965,none
ERR3264640,none
ERR3306134,none
SRR18319342,none
SRR9847502,none
SRR18319262,none
SRR18319153,none
SRR9847589,none
ERR2206452,blaTEM-1
SRR16080796,none
ERR3306247,none
SRR7692472,none
SRR9847250,none
SRR18318906,blaROB-1
SRR16080890,none
SRR7692450,none
ERR2206400,none
ERR3264803,none
SRR18318866,none
SRR9847392,none
ERR2206369,none
ERR3264660,none
SRR18319038,none
SRR3111837,none
SRR16080891,none
SRR9847529,none
SRR9327600,none
ERR2206554,none
ERR3306089,none
SRR16080947,none
SRR9847260,blaTEM-1
SRR9847295,none
ERR3306485,none
ERR3306007,none
ERR3306161,none
SRR9327604,none
SRR9847428,none
ERR3306294,blaTEM-1
ERR3306762,none
SRR9327602,none
ERR3306141,none
SRR16080811,none
ERR3306269,none
SRR9328964,none
ERR3264916,none
ERR3306083,none
ERR4013851,none
SRR18319330,none
ERR3306159,none
ERR3306694,none
ERR4013852,none
SRR9331448,none
SRR9847055,blaTEM-1
ERR2560746,blaTEM-1
SRR16080958,none
SRR9847200,none
ERR2206405,blaTEM-1
ERR3306223,none
SRR16080849,none
ERR3305938,none
SRR9847221,none
SRR9331442,none
ERR3306589,none
ERR3264469,blaTEM-1
SRR18319126,none
SRR9847386,none
ERR3305998,none
ERR3264982,none
ERR2560768,none
ERR3306107,none
SRR18318812,blaTEM-1
SRR9847239,none
SRR18318993,none
ERR4014135,blaTEM-1
SRR9847109,none
SRR18319003,blaTEM-1
ERR3306443,none
ERR2206574,none
SRR16080723,none
ERR3306014,none
ERR3306550,none
ERR3306478,none
SRR16080773,none
ERR3264389,none
SRR7692517,none
SRR18319162,blaTEM-1
ERR3306087,none
SRR9847288,blaTEM-1
SRR7692525,none
ERR716279,none
SRR9847095,blaTEM-1
SRR18319199,none
ERR2206381,none
SRR9847610,none
ERR3306574,blaTEM-1
SRR18319066,none
SRR3111833,none
SRR18318838,none
ERR3306267,none
ERR2206352,blaTEM-1
ERR3306609,none
SRR9847554,blaTEM-1
SRR9847116,none
SRR12805668,none
SRR9847451,none
ERR3306188,none
SRR9327611,none
SRR18319317,none
ERR3264462,none
SRR16080970,none
SRR9328953,none
SRR16080848,none
ERR3264985,none
SRR12805669,none
SRR9847151,none
SRR16080702,none
SRR18319117,none
ERR3264820,none
SRR9847154,none
SRR9847240,blaTEM-1
SRR9847459,none
ERR3264831,none
ERR3264706,none
ERR3306462,none
ERR3264815,none
SRR18319292,blaROB-1
ERR3264501,none
SRR18319288,blaTEM-1
ERR3306725,none
SRR9847567,none
SRR9847462,none
SRR18319182,blaTEM-1
ERR3264676,none
ERR2206358,blaTEM-1
ERR2206461,none
ERR3306578,none
ERR3264950,none
ERR3306360,none
SRR7719301,none
ERR3264760,none
SRR18318992,blaTEM-1
ERR3306010,none
ERR3264527,none
SRR18318905,none
ERR3306173,none
ERR3306299,none
ERR3264543,none
ERR3264954,none
SRR18318912,none
SRR9847231,none
ERR2560709,none
ERR2206338,none
SRR18318956,none
SRR3404595,blaTEM-1
SRR18318821,none
ERR3306105,none
ERR3264390,none
ERR2560739,none
ERR3264785,none
SRR9847603,blaTEM-1
SRR2059999,none
ERR3306209,none
SRR18319116,blaTEM-1
ERR3306620,none
SRR2537208,none
ERR3264825,none
SRR9327613,none
ERR3264458,none
SRR9847333,none
SRR11233581,none
SRR16080687,none
SRR16080866,none
ERR3306212,none
SRR7692491,none
ERR7342790,none
SRR9847420,none
SRR18319302,blaTEM-1
SRR18318990,none
SRR9327619,none
ERR3306548,none
ERR3306044,none
ERR3264964,none
ERR2206583,blaTEM-1
ERR3264496,none
ERR2206582,none
ERR3306666,none
ERR3306175,none
SRR18318985,none
SRR9847040,none
ERR3306358,blaTEM-1
ERR2206365,none
ERR3264428,none
ERR3306094,none
ERR4015022,none
ERR3306565,none
ERR2560766,none
SRR7692527,none
ERR2206567,none
SRR16080914,none
ERR3306367,none
ERR3305939,none
SRR9847600,blaTEM-1
ERR3306749,none
SRR18318867,none
ERR3306054,none
ERR3264563,none
SRR9847312,none
SRR9847495,none
SRR9847488,none
ERR3306251,none
SRR16080960,none
SRR9847458,none
ERR3306464,none
ERR3264732,none
ERR3264695,none
SRR9846992,none
ERR2206436,none
SRR18318983,none
ERR3306145,none
ERR3306453,none
SRR18318970,none
SRR9203959,none
ERR3306688,none
SRR16080825,none
SRR9847510,none
ERR2206487,none
ERR3264897,none
SRR18319332,none
ERR3264784,none
ERR3305974,none
ERR3306322,none
ERR2206351,none
ERR3264816,none
SRR18319285,none
ERR3306606,none
SRR18319221,none
SRR9847649,none
SRR9847036,none
ERR3264400,none
ERR3306644,none
ERR3306297,none
SRR18319201,none
ERR3306080,none
SRR16080964,none
SRR9847238,blaROB-1
SRR16080862,none
SRR11233597,none
ERR3264484,none
ERR4014203,blaTEM-1
ERR3306743,none
ERR2206539,none
ERR3306375,none
SRR9123320,none
SRR9847087,none
SRR9847521,none
ERR3306536,none
SRR9847410,none
SRR9847650,none
SRR16080691,none
SRR18319088,blaTEM-1
SRR9123324,none
ERR3306006,none
SRR7719294,none
SRR2537091,blaTEM-1
SRR9847026,none
SRR9847080,blaTEM-1
ERR5262157,none
SRR18318904,none
ERR3264883,none
SRR9847439,none
SRR18319253,none
SRR18318855,none
ERR3306140,none
ERR3306699,none
SRR18319111,none
SRR11233594,none
SRR3111860,none
SRR7692433,none
ERR3264707,none
ERR2206398,none
ERR3264885,none
ERR2560712,blaTEM-1
ERR3306217,none
ERR2206402,none
SRR16080957,none
ERR2206415,none
SRR16080708,none
SRR16080807,none
SRR9847060,none
SRR18319217,none
ERR3264945,none
SRR9847630,none
SRR18319071,none
ERR3264584,none
SRR9847065,blaTEM-1
ERR2206474,none
ERR3264611,none
ERR3306737,none
SRR18319208,none
SRR18318888,none
ERR3306124,none
ERR3264713,none
ERR3306351,none
SRR16080732,none
ERR2206572,none
SRR9847517,blaTEM-1
SRR18318960,none
ERR3264550,none
ERR2206569,none
ERR3306467,none
ERR3306761,none
ERR2206557,none
ERR2560772,none
ERR3264726,none
ERR716329,none
SRR18319073,blaTEM-1
SRR18318822,blaTEM-1
ERR3306234,none
ERR3306768,none
SRR9847209,none
SRR9847460,none
SRR9847585,blaTEM-1
ERR3264966,none
SRR9331462,none
ERR716263,none
SRR16080751,none
SRR9847499,blaTEM-1
SRR9847376,none
ERR3306185,none
ERR3306611,none
ERR3264870,none
ERR3306139,none
SRR9847188,blaTEM-1
SRR9847368,none
ERR3264725,none
ERR3306023,none
ERR3306377,none
ERR2206360,none
SRR18318980,none
ERR3306415,none
SRR9847472,none
ERR3306271,none
SRR9328973,none
ERR3306401,none
ERR3264623,none
SRR9331455,none
SRR18319282,blaTEM-1
SRR9847167,none
SRR16080884,none
SRR16080681,none
SRR18319278,none
SRR18318929,blaTEM-1
SRR9847134,none
ERR2206593,none
ERR3306712,none
SRR9847641,none
SRR16080794,none
ERR3306752,none
SRR9847228,none
ERR3264813,none
SRR18319136,none
ERR3264499,none
ERR3264493,none
ERR3306153,none
SRR18319127,none
ERR3264746,none
SRR9847090,blaTEM-1
ERR3264842,none
SRR16080969,none
SRR7692430,none
SRR9331814,none
SRR18318843,none
ERR3264656,none
ERR3306130,none
SRR9326329,none
SRR18318932,none
ERR3306613,none
SRR7692494,none
SRR18319069,none
ERR2206526,none
ERR2206475,none
SRR11233588,none
SRR16080721,none
ERR3264604,none
ERR3306494,none
ERR3306186,none
SRR9331450,none
SRR9847427,none
ERR3306171,none
SRR2537180,blaTEM-1
ERR2206524,none
SRR7692520,none
ERR2206522,blaTEM-1
SRR16080899,none
SRR9847404,none
ERR3306201,none
SRR18319245,none
ERR2206535,none
ERR3306103,none
ERR3264786,none
ERR5262131,none
SRR9328954,none
ERR3306778,none
ERR3264552,none
SRR9331454,none
ERR2206467,none
SRR18318874,none
ERR2206488,none
SRR9123355,none
SRR7692469,none
SRR18319289,none
SRR9123334,none
ERR3306660,none
ERR3306511,none
SRR9847387,blaTEM-1
ERR3264688,none
ERR3264486,none
ERR3264666,none
ERR3306183,none
SRR18318853,blaTEM-1
SRR9847471,none
SRR9847596,none
SRR18318797,none
ERR716285,none
ERR2206497,none
ERR3264505,none
ERR2206393,none
SRR9847305,none
ERR3306741,none
SRR9331457,none
SRR9847144,none
SRR9123349,none
ERR2560741,none
ERR3306444,blaTEM-1
SRR7692427,none
ERR3264809,none
SRR7692428,none
SRR16080769,none
ERR3306304,none
ERR3264475,none
ERR3306549,none
ERR3264932,none
SRR18319275,blaTEM-1
ERR3306404,none
ERR3264708,none
SRR7692530,none
SRR9847280,none
ERR3306671,none
ERR3264467,blaTEM-1
ERR2560760,none
SRR9847424,blaTEM-1
SRR9847398,none
SRR9847101,none
ERR2206479,none
SRR18319215,blaTEM-1
SRR9847515,none
SRR18319124,none
ERR3306619,none
SRR9847584,none
SRR9847546,blaTEM-1
SRR16080816,none
SRR16080797,none
SRR3111817,none
ERR3264848,none
ERR3264953,none
SRR9123356,none
ERR716294,none
SRR18318802,none
SRR11233585,none
ERR6049653,none
SRR9123339,none
SRR16080788,none
SRR3111835,none
SRR16080892,none
SRR16080750,none
SRR16080863,none
ERR3306309,blaTEM-1
ERR2206442,none
ERR3264614,none
ERR3264806,none
SRR16080858,none
ERR2206435,none
SRR9847010,none
ERR3306411,none
SRR10905878,none
ERR716284,none
SRR9331458,none
SRR9847085,none
SRR18318825,none
ERR2560742,none
ERR716289,none
SRR4123928,none
SRR9847049,none
ERR3264837,none
SRR18318937,none
ERR2560757,none
ERR3306319,none
ERR3306544,none
ERR4013858,none
SRR9847184,none
SRR9847396,none
ERR3264865,none
SRR18319144,none
ERR3306503,none
SRR9186040,none
ERR3264463,blaTEM-1
SRR18319112,none
ERR3306399,none
SRR9847149,none
ERR4013854,none
ERR2206482,none
SRR9847528,none
SRR16080878,none
ERR3264705,none
SRR9847598,none
SRR9847461,none
ERR4014149,none
ERR4013855,none
SRR9847532,blaROB-1
SRR16080778,none
ERR3306652,none
ERR3264581,none
SRR18319122,none
ERR3306625,none
ERR3264827,none
ERR2206471,none
SRR16080833,none
ERR3306585,none
ERR3264510,none
SRR18319045,blaTEM-1
ERR3264755,none
ERR3264516,none
ERR716309,none
ERR3306252,none
ERR3306274,none
SRR9123332,none
ERR3264780,none
SRR18319173,none
SRR16080961,none
SRR9847385,none
SRR9847415,blaTEM-1
SRR18319145,blaTEM-1
ERR3306177,none
SRR7719257,none
ERR3306306,none
SRR9847395,none
ERR3306026,none
SRR9847399,none
SRR16080705,none
SRR18318901,none
SRR18319022,blaTEM-1
ERR3306622,none
ERR3264737,none
SRR9847256,none
SRR16080930,none
ERR3305921,none
ERR2206370,none
ERR2206333,none
SRR9847088,none
SRR16080919,none
SRR9847297,none
SRR18318935,none
SRR9847367,blaTEM-1
ERR6049675,none
ERR3306413,none
ERR3306695,none
ERR2560777,none
ERR3305968,none
SRR9847291,none
SRR16080988,none
ERR3264534,none
ERR3264431,none
ERR3305914,none
SRR9847640,blaTEM-1
ERR3264990,none
SRR9847512,none
SRR9847117,none
ERR3264949,none
SRR7719293,none
ERR3306118,none
SRR16080985,none
SRR9847074,none
ERR2560763,none
ERR3306632,none
SRR16080963,none
SRR9847020,blaTEM-1
ERR3264507,none
ERR3306336,none
SRR16080860,none
ERR2206538,none
ERR716295,none
SRR9847222,none
ERR3306308,none
SRR9331461,none
SRR18319283,none
ERR3306479,none
SRR9847522,none
ERR5262177,none
ERR3306352,none
SRR9847110,blaTEM-1
ERR3306287,none
ERR3264451,none
ERR4015267,none
ERR3306439,none
SRR9123338,none
SRR18319137,none
SRR18319230,none
SRR18318830,blaTEM-1
ERR2206520,none
ERR3264446,none
ERR3264788,none
SRR18318973,none
ERR3306593,none
ERR2206364,none
ERR3264838,none
SRR18319267,none
ERR3306261,none
ERR2206548,blaTEM-1
ERR3264987,none
SRR9847059,blaTEM;blaTEM-1
SRR18319247,none
ERR2206507,none
ERR2206536,none
SRR16080973,none
ERR3305957,none
SRR9847325,none
ERR3306408,none
ERR3305996,none
ERR3264606,none
ERR2206406,none
ERR3306528,none
SRR18318877,none
ERR3264457,none
SRR9847383,blaTEM-1
ERR3264675,none
SRR16080699,none
SRR9847094,none
ERR3264430,none
ERR2206575,none
ERR3306558,blaTEM-1
SRR16080706,none
SRR18318930,none
SRR11233611,none
ERR3264826,none
SRR16080734,none
ERR3306286,blaTEM-1
SRR9847022,none
SRR18319318,none
SRR18318868,none
ERR3264783,none
SRR18319311,none
SRR9847482,none
ERR3264684,none
ERR3305923,none
SRR18318856,none
ERR3306623,none
ERR2560752,none
SRR9331820,none
ERR2206501,none
ERR6049658,none
SRR9847199,none
SRR9847171,none
ERR2560704,none
SRR18318899,none
ERR3306195,none
ERR716293,none
ERR3264802,none
SRR18319109,blaTEM-1
SRR18319130,none
ERR3306499,none
SRR18318846,blaTEM-1
ERR2560743,blaTEM-1
SRR9847351,none
SRR9847363,none
ERR3264805,none
SRR9847191,none
ERR3306433,none
ERR3306368,none
SRR9847490,none
ERR3264522,none
ERR3264835,none
ERR3306508,none
ERR3306101,none
SRR18318947,none
ERR3264775,none
ERR3306402,none
SRR9331459,none
SRR9847219,none
ERR3305967,none
SRR18318837,none
SRR9847390,blaTEM-1
ERR2560745,none
SRR7719286,none
ERR3264626,none
ERR3306058,none
ERR3264814,none
SRR18319338,none
ERR3264647,none
SRR18319331,blaTEM-1
ERR2206331,none
SRR16080935,none
ERR3264895,none
SRR9847323,blaTEM-1
ERR3305918,none
SRR7692425,none
SRR9847079,none
SRR1655983,none
SRR18318815,none
SRR9847218,none
SRR9846994,blaTEM-1
ERR3264498,none
ERR3264445,none
SRR16080932,none
ERR3264416,none
ERR3306228,none
SRR9847081,none
SRR16080967,none
SRR18318793,none
ERR3306168,none
ERR3306673,none
ERR3264540,none
SRR18318964,none
ERR3306722,none
SRR7692441,none
ERR3306314,none
SRR16080780,none
ERR3264391,none
ERR3306191,none
SRR18319198,none
ERR2206464,none
ERR3306357,none
SRR9847625,blaTEM
SRR18319134,none
ERR3264639,none
SRR18318898,none
SRR18319087,none
ERR3264700,none
SRR9331460,none
SRR2537164,none
SRR9847371,none
SRR18318902,none
ERR3306282,none
SRR9847633,none
SRR18319309,none
ERR2206510,none
ERR3306303,none
ERR3264593,none
SRR18319286,none
ERR3306045,none
SRR9847342,none
SRR9847426,none
SRR18319057,none
ERR3306504,none
SRR9847335,none
ERR2206516,none
ERR3306431,none
SRR9847172,none
SRR18319115,blaTEM-1
SRR9847579,none
ERR3305919,none
ERR3305966,none
ERR3306512,none
ERR2206420,none
SRR9847031,none
SRR9847364,none
SRR11233608,none
ERR2206533,none
SRR16080790,none
SRR3111840,none
ERR3264665,none
ERR716281,none
SRR9847013,none
ERR3306264,none
SRR16080894,none
SRR16080893,none
SRR16080889,none
SRR9847544,blaTEM-1
SRR18318984,none
SRR16080798,none
SRR9847423,none
ERR2560750,none
ERR3306400,none
SRR18319183,none
DRR243751,none
ERR3264720,none
ERR3305956,none
ERR3306554,blaTEM-1
ERR3306590,none
SRR16080950,none
SRR18318858,none
SRR9847403,none
SRR9847627,none
ERR2560781,none
SRR9847519,none
ERR3306235,none
ERR3264952,none
SRR16080692,none
ERR3306284,none
SRR16080719,none
SRR7719263,none
SRR18318829,none
ERR3306763,none
SRR18319246,none
ERR3306642,none
SRR18319140,none
ERR2560720,none
SRR9847224,none
ERR3264724,none
SRR9123346,none
SRR16080831,none
SRR9847058,none
SRR18318942,none
SRR9847023,blaTEM-1
ERR3264955,none
SRR18319343,none
ERR716331,none
ERR3264936,none
ERR3306648,none
ERR3306135,none
SRR16080814,none
ERR3264812,none
ERR3264394,none
SRR18319237,none
SRR9847201,none
SRR9847477,blaTEM-1
ERR3264585,none
SRR9847236,blaTEM-1
ERR3306339,none
ERR3306553,none
SRR9327624,none
SRR16080908,none
ERR3264974,none
ERR3306638,none
ERR4013850,blaTEM-1
SRR18319058,none
ERR3306677,none
ERR3306199,none
SRR18319053,none
SRR9331441,none
ERR6049678,none
ERR3306624,none
SRR16080810,none
SRR16080959,none
ERR2206423,none
ERR3264743,none
SRR9847104,none
SRR9847639,none
ERR3306119,none
ERR3264441,none
ERR3306104,none
SRR18319266,none
ERR3305943,none
ERR3306610,none
ERR3306581,none
SRR18319329,none
SRR18319050,none
SRR9847359,blaTEM-1
ERR3306333,none
SRR9123345,none
ERR3264466,blaTEM-1
ERR3306745,none
ERR3306292,none
ERR3306342,none
SRR9847206,none
SRR18319220,blaTEM-1
SRR9331826,none
SRR9847114,none
ERR3264759,none
SRR9847570,blaTEM-1
SRR18319035,none
SRR9847431,none
SRR16080715,none
ERR3264860,none
SRR9847578,none
SRR16080765,none
ERR3264810,none
ERR3306523,none
SRR18318978,none
SRR9847185,blaTEM-1
ERR2206466,none
SRR9847268,blaTEM-1
ERR3306116,none
ERR3264899,none
SRR3111825,none
ERR3306106,none
SRR9847614,none
ERR2206519,none
SRR9847440,none
ERR3306426,none
SRR18318786,none
SRR9327603,none
SRR9331818,none
ERR3306614,none
SRR18319196,none
ERR3264778,none
ERR3306525,none
ERR3306627,none
SRR18319158,none
ERR3264796,none
SRR16080941,none
SRR16080940,none
ERR3264754,none
ERR2206504,none
ERR3264562,none
ERR3264677,none
SRR9846989,none
SRR3404591,blaTEM-1
SRR3111820,none
SRR16080820,none
ERR3306657,none
SRR18318850,blaTEM-1
SRR18319113,none
SRR18319299,none
ERR2206380,none
ERR3306721,none
ERR2560738,none
ERR3264587,none
ERR2206531,none
SRR18319203,none
ERR3306569,none
SRR18319274,none
ERR3264874,none
SRR18319210,none
SRR16080887,none
SRR16080956,none
SRR9847474,none
ERR3264672,none
ERR3306618,none
SRR16080785,none
SRR16080801,none
ERR3306445,none
SRR16080800,none
ERR3264767,none
ERR3264619,none
ERR2206546,none
ERR3264681,none
SRR9847629,none
SRR18319046,none
SRR9847102,none
SRR16080735,none
ERR3264478,none
SRR18318800,none
ERR3264506,none
SRR18319268,blaTEM-1
ERR6049672,none
ERR6049649,none
SRR18319072,blaTEM-1
ERR5262154,none
ERR3306539,none
ERR2206525,none
SRR18318870,none
ERR3306070,none
SRR18319040,none
SRR18319068,blaTEM-1
SRR9847122,none
ERR3306476,none
ERR5262155,none
SRR18319143,none
ERR3264625,none
SRR18318893,blaTEM-1
SRR18319077,blaTEM-1
ERR3264515,none
ERR3306409,none
ERR3264548,none
SRR9847646,none
ERR3264836,none
SRR9847072,none
ERR3264405,none
ERR3306428,none
ERR3305924,none
SRR18319169,none
ERR3306591,none
ERR3306288,none
ERR2560714,blaTEM-1
SRR9327615,none
SRR7719279,none
ERR4014542,none
ERR5262133,none
ERR3306501,none
ERR2206389,none
ERR3306301,blaTEM-1
SRR16080763,none
ERR2206336,none
ERR4013849,blaTEM-1
ERR3306470,none
SRR16080977,none
SRR9847299,none
ERR3306332,none
SRR9847375,none
SRR16080966,blaTEM-1
ERR3264671,none
SRR16080851,none
ERR2206374,none
ERR2206581,none
SRR18319146,blaTEM-1
SRR16080744,none
ERR3306184,none
ERR3264833,none
ERR3306756,none
SRR9847559,none
ERR3264920,none
SRR11233590,none
ERR3264795,none
SRR9846990,none
ERR3306419,none
SRR9847334,none
SRR9847119,blaTEM-1
ERR4014159,blaTEM-1
ERR3306328,none
ERR3264946,none
ERR3264734,none
ERR3264521,none
ERR3306516,blaTEM-1
ERR4013846,none
SRR9847597,blaTEM-1
ERR2206414,none
SRR18318835,blaTEM-1
SRR9847161,blaTEM-1
ERR3264939,none
SRR18318886,none
ERR3306082,none
SRR9847377,blaTEM-1
SRR18319062,blaTEM-1
SRR9327601,none
SRR16080867,none
ERR2206449,none
ERR716332,none
SRR18318865,blaTEM-1
SRR18319301,none
SRR18319042,none
ERR3306365,none
SRR9327622,none
ERR3305922,none
ERR2206537,none
SRR7692474,none
ERR3306663,none
ERR3306315,none
SRR9328967,none
ERR3306030,none
SRR18319142,none
ERR4014233,blaTEM-1
ERR3306521,none
ERR3264408,none
SRR18318884,none
ERR3306067,none
ERR3306515,none
ERR2206371,none
ERR3264480,none
ERR2206378,none
ERR3305925,none
ERR3305928,none
SRR9847005,none
SRR9847543,none
SRR9847157,none
ERR2560711,none
SRR9847001,none
SRR18318903,none
SRR16080987,none
ERR3306078,none
ERR4014681,none
SRR9847552,none
ERR3306353,none
SRR7692518,none
SRR9847464,none
SRR18319007,blaTEM-1
SRR9847139,none
SRR9847492,none
SRR9847091,none
SRR9847330,blaTEM-1
SRR3111828,none
SRR18319256,none
ERR3264447,none
SRR18318887,none
SRR9331807,none
SRR9847418,blaTEM-1
ERR3306702,none
SRR9847374,none
SRR18319056,none
ERR3306697,none
SRR18319249,blaTEM-1
SRR9847120,none
ERR3264710,none
SRR9123316,none
ERR3306268,none
SRR9847644,none
ERR3264495,none
ERR3306621,none
ERR4014632,none
ERR3306473,none
SRR18319219,none
SRR9847044,none
ERR3306378,none
SRR9847346,none
SRR9123347,none
ERR3305936,none
SRR9123350,none
ERR2206434,none
ERR3264592,none
ERR3306706,none
SRR7692443,none
SRR16080918,none
SRR18318805,blaTEM-1
ERR2560703,none
ERR3264930,none
ERR3264799,none
SRR18319339,blaTEM-1
SRR9847243,none
SRR18318823,none
SRR9847447,blaTEM-1
SRR7692462,none
SRR9847406,none
ERR3264554,none
SRR16080905,none
SRR9123351,none
SRR18318810,none
SRR7692514,none
ERR3306615,none
ERR3264917,none
ERR3264668,none
ERR3306224,none
ERR3264888,none
ERR5262130,blaROB-1
SRR9847540,none
ERR3264444,none
SRR12805683,none
ERR3264533,none
ERR3305969,none
SRR9847400,none
SRR16080826,none
ERR3306556,blaTEM-1
SRR11108932,none
ERR3264649,none
SRR16080749,none
ERR3264465,blaTEM-1
SRR9331810,none
SRR18318788,blaTEM-1
SRR9847016,blaTEM-1
ERR3264928,none
ERR3306649,none
ERR3306566,none
ERR3264801,none
ERR4013987,none
ERR3264789,none
SRR9847249,none
ERR3264696,none
ERR716292,none
SRR11233593,blaTEM-1
SRR9847075,none
SRR9847483,blaROB-1
ERR2206443,none
SRR9847478,none
SRR16080888,none
ERR3306396,none
SRR16080786,none
SRR9847577,none
ERR3305963,none
SRR9847590,none
ERR4014132,blaTEM-1
ERR4014008,blaTEM-1
ERR3264776,none
ERR3306258,none
SRR9847523,blaTEM-1
ERR3306598,none
SRR16080690,none
SRR16080746,none
SRR18319051,none
SRR9847123,none
ERR3306482,none
SRR18319202,none
ERR3306520,none
ERR2206355,none
SRR16080728,none
ERR2206445,none
ERR2206340,none
ERR3306471,none
SRR18318832,none
SRR9847035,blaTEM-1
ERR2206337,blaTEM-1
SRR18318923,blaTEM-1
ERR2560770,none
ERR3306434,none
SRR18319258,none
SRR18318972,none
ERR4013847,none
ERR2206565,blaTEM-1
ERR3306635,none
ERR6049673,none
SRR9327616,none
ERR3306575,none
ERR3264819,none
SRR9331446,none
ERR3264569,none
SRR18319197,none
ERR3305916,none
ERR2560732,none
ERR2560765,none
SRR16080906,none
ERR3264512,none
SRR9847446,none
ERR3306379,blaTEM-1
ERR3306079,none
SRR18319325,blaTEM-1
SRR18319270,none
SRR9327621,none
ERR2206410,none
SRR7692483,none
ERR3306731,none
SRR18318936,none
SRR16080881,none
SRR16080897,none
ERR3264557,none
SRR16080720,none
SRR18318801,none
SRR18318928,blaTEM-1
SRR18319114,none
ERR3264568,none
SRR16080731,blaTEM-1
SRR9847223,none
SRR18319336,blaTEM-1
SRR3111841,none
SRR18319327,none
ERR3264519,none
SRR9847327,none
SRR9847233,none
ERR3306450,none
SRR9331465,none
SRR9847165,none
ERR3306021,none
SRR18319179,blaTEM-1
SRR16080703,none
ERR3264599,none
SRR18318917,none
ERR3306517,none
ERR3306407,none
SRR18318965,blaTEM-1
ERR3306456,none
SRR9847098,none
ERR3306071,none
ERR2206391,blaTEM-1
ERR3264439,none
SRR18319269,none
ERR3306572,none
ERR3306670,none
ERR2206359,none
ERR3264854,none
SRR9847391,blaTEM-1
ERR3264698,none
SRR9847320,none
SRR18319324,blaTEM-1
ERR3264653,none
ERR2206382,none
SRR9847170,blaROB-1
SRR11233583,none
SRR9123354,none
SRR16080923,none
SRR9123352,blaTEM-1
SRR16080783,none
SRR9123341,none
ERR3264539,none
ERR716299,none
ERR2206561,none
SRR9847071,none
ERR3264867,none
SRR16080895,none
SRR9847135,blaTEM-1
ERR2206430,none
ERR3306334,none
SRR9847345,none
ERR3305955,none
SRR18319131,none
SRR9847034,none
ERR3264976,none
SRR9847111,none
ERR6049655,none
SRR16080986,none
SRR9847604,none
ERR3306108,none
ERR3306102,none
SRR18319108,none
SRR9847158,none
SRR16080952,none
SRR9847324,none
SRR9123317,none
ERR3306057,none
SRR16080943,none
SRR9847303,none
SRR16080934,none
SRR9847192,blaTEM-1
ERR3306594,none
ERR2560778,none
SRR18318854,none
ERR3306015,none
SRR18318814,none
SRR18319295,none
ERR3306498,none
ERR3306746,none
ERR3264922,none
ERR2560713,none
ERR3264489,none
ERR3264460,none
ERR2206437,none
ERR3306500,none
ERR3306458,none
ERR3306250,none
ERR3306122,none
ERR3306675,none
ERR3264570,none
ERR3264690,none
ERR3264578,none
SRR9331808,none
ERR3306128,none
SRR18318927,none
ERR3306480,none
ERR2206468,none
SRR16080684,none
SRR16080976,none
SRR16080815,none
SRR9847362,none
SRR18318908,none
SRR9847566,none
SRR3111861,none
ERR3264464,blaTEM-1
ERR3264687,none
SRR8956120,none
SRR18318859,none
SRR9847302,none
SRR16080843,none
SRR18319212,blaTEM-1
ERR3305953,none
SRR16080931,none
ERR3264674,none
SRR7719302,none
SRR9847435,none
ERR3306429,none
ERR3305972,none
SRR18319159,none
SRR9847530,none
SRR16080806,none
SRR3111856,none
ERR3264396,none
ERR3306582,none
SRR18318798,blaTEM-1
ERR3264631,none
SRR9847017,none
SRR9847254,none
ERR3264977,none
SRR9847289,none
SRR7692485,none
SRR18319214,none
SRR18319008,none
ERR3306506,none
SRR18318847,none
SRR9847353,blaTEM-1
ERR3264919,none
SRR7692451,none
ERR3306425,none
SRR16080803,none
SRR9847047,none
SRR16080700,none
SRR11233586,none
SRR18319241,none
ERR2206589,none
ERR3306176,none
ERR2560705,none
ERR3264551,none
ERR3306157,none
ERR2560718,none
SRR18318950,none
SRR3111831,none
ERR2560744,none
SRR9847434,blaTEM-1
SRR9847479,none
ERR3264418,none
SRR2537179,none
SRR9847366,none
SRR9847073,none
SRR9847355,none
SRR9847276,blaTEM-1
ERR716296,none
ERR3264689,none
ERR5262167,none
ERR3264886,none
ERR6049681,none
ERR2206394,none
ERR4014563,none
SRR3111863,none
ERR2560728,none
ERR2206573,none
SRR16080707,none
SRR18319312,blaTEM-1
SRR9847183,none
ERR3306293,none
SRR9847124,none
SRR18318860,blaTEM-1
ERR2206476,none
SRR18319041,none
ERR4014180,blaTEM-1
SRR9847314,blaTEM-1
ERR2206477,blaTEM-1
ERR3264500,none
ERR3306552,none
SRR9847048,none
ERR2206419,blaTEM-1
SRR7719300,none
SRR18319334,blaTEM-1
SRR9847182,none
ERR3306142,none
SRR9847093,none
SRR9331815,blaROB-1
SRR9327623,none
ERR3306126,none
SRR18319314,none
SRR9847338,blaTEM-1
SRR16080830,none
ERR2206472,none
SRR7692429,none
SRR7692531,none
ERR3306616,none
SRR9847084,none
SRR18319290,none
SRR12805595,blaTEM-1
ERR3306281,none
SRR9326324,none
ERR2206376,none
ERR3306326,none
ERR3306018,none
ERR3306573,none
ERR3264573,none
ERR3264822,none
ERR3264935,none
SRR9847635,none
ERR3306321,none
ERR2560729,none
SRR16080871,none
SRR9847452,none
SRR18319222,blaTEM-1
SRR9328955,none
SRR3111823,none
SRR9331823,none
SRR9847560,none
SRR18319061,none
SRR1655255,none
SRR18319156,blaTEM-1
SRR18319125,none
SRR9847129,none
ERR3306012,none
ERR2206345,none
SRR9847187,none
ERR3305976,none
ERR3306305,none
SRR9847608,blaROB-1
ERR2206439,none
SRR11233578,blaTEM-1
SRR7692473,none
ERR2206388,none
SRR9331445,none
SRR9847194,blaTEM-1
SRR9847038,none
SRR7692477,none
SRR9847108,none
SRR9847348,none
ERR3306630,none
SRR11233605,none
SRR16080926,none
SRR16080972,none
ERR2206545,blaTEM-1
ERR2206549,none
SRR18319281,blaTEM-1
SRR18319005,none
ERR3264959,none
SRR18318991,blaTEM-1
ERR3306394,none
SRR9847004,blaTEM-1
ERR3306113,none
ERR3305960,none
ERR3306719,none
SRR16080898,none
ERR2206404,none
ERR3306295,none
SRR9847136,none
ERR716302,none
SRR18318880,none
SRR9847032,none
SRR9847241,blaTEM-1
ERR3264787,none
ERR3264983,none
SRR18319018,none
SRR9847326,none
SRR9847115,none
SRR16080916,none
SRR18318818,none
SRR18319186,blaTEM-1
SRR9847267,blaTEM-1
ERR6049679,none
SRR16080968,none
SRR9847159,blaTEM-1
ERR2206368,none
ERR716277,blaTEM-95
ERR2560753,none
ERR3264752,none
ERR4013916,blaTEM-1
SRR9847513,none
ERR3264449,none
SRR9847572,none
SRR18319181,none
SRR16080781,none
SRR16080832,none
SRR9847615,none
ERR2206502,none
ERR4013985,none
ERR716280,none
SRR9847178,none
SRR18319121,none
ERR3264414,none
SRR16080808,none
ERR3264745,none
SRR18318924,blaTEM-1
SRR18318878,none
SRR2148855,none
SRR9847494,blaTEM-1
ERR6049665,none
ERR3306734,none
SRR16080747,none
SRR18318933,blaTEM-1
ERR3264482,none
SRR9182374,none
ERR2206363,none
ERR3306488,none
ERR3306459,none
SRR9847092,blaTEM-1
SRR9326331,none
ERR6049671,none
ERR3306300,none
SRR18319054,none
ERR3264774,none
SRR9847611,blaTEM-1
ERR2206543,none
ERR3306259,none
ERR3306776,none
SRR9847062,none
ERR3264487,none
ERR2206397,none
SRR16080886,none
ERR2206580,blaTEM-1
ERR6049684,none
SRR16080933,none
ERR716319,none
SRR9846995,blaTEM-1
ERR3264429,none
SRR9328978,none
SRR18319235,blaTEM-1
ERR3306285,none
ERR3306355,none
ERR716320,none
SRR9847564,none
ERR2560771,none
ERR3264617,none
ERR2206429,blaTEM-1
ERR3264438,none
SRR9847321,blaTEM-1
SRR9327607,blaTEM-1
SRR9326332,none
SRR16080726,none
SRR18318864,none
ERR3264421,none
ERR3305946,blaTEM-1
SRR9847539,blaTEM-1
ERR5262120,none
SRR9847487,none
SRR9847370,blaTEM-1
SRR18318789,blaTEM-1
SRR18319187,none
ERR3306047,none
SRR16080962,none
ERR3306495,none
ERR3264904,none
ERR4014693,none
ERR3306472,none
ERR3306243,none
SRR9847197,blaTEM-1
ERR3306420,none
SRR9847315,none
ERR3306455,none
ERR3264741,none
ERR3264869,none
ERR2206418,none
ERR2560755,none
SRR16080948,none
ERR3264511,none
SRR9328975,none
ERR3264923,none
ERR3264686,none
SRR9847394,none
SRR16080854,none
ERR3305927,none
SRR9847039,blaTEM-1
SRR9847632,none
ERR3306385,none
ERR3305975,none
SRR18319248,none
SRR9847322,none
SRR9847274,blaTEM-1
ERR3306514,none
ERR3305935,none
ERR2206357,none
ERR4014644,blaTEM-1
SRR7719266,none
ERR3264520,none
SRR18318954,blaTEM-1
ERR3264890,none
SRR9327614,none
SRR18319323,none
ERR3264518,none
SRR9847179,none
SRR9847465,none
SRR1655311,none
ERR2206354,none
SRR12805678,none
ERR2206448,none
ERR716322,none
SRR9847581,none
ERR3264915,none
SRR18319200,blaTEM-1
SRR18318963,none
SRR9847205,blaTEM-1
SRR16080701,none
SRR9847006,none
ERR3264526,none
ERR3264853,none
SRR16080817,none
SRR9123314,none
ERR3306275,none
ERR716308,none
ERR2206416,none
ERR2560749,none
ERR2206552,blaTEM-1
SRR9847019,none
SRR18319307,blaTEM-1
SRR16080777,none
SRR7692424,none
ERR3306240,none
SRR9847491,none
SRR18319152,blaTEM-1
ERR3306229,none
ERR3306042,none
ERR3264682,none
ERR6049669,none
SRR9847140,none
SRR16080724,none
SRR9331817,none
ERR3306674,none
SRR18319273,none
ERR3264648,none
SRR9847278,none
ERR3306604,none
SRR9847009,blaTEM-1
SRR7719258,none
ERR3264612,none
SRR9847051,none
ERR3305979,none
ERR3306117,none
ERR3306225,none
SRR18318982,none
ERR3264468,blaTEM-1
SRR9847634,none
ERR2206509,none
ERR3306256,none
ERR4014161,none
ERR2206579,none
ERR3264424,none
ERR3264905,none
SRR7692521,none
SRR9847514,none
ERR3264624,none
ERR3264693,none
SRR18319064,none
ERR3264855,none
ERR3264608,none
ERR3306692,none
SRR7692515,none
SRR18318907,none
ERR3264589,none
SRR17117379,blaTEM-1
ERR3264602,none
SRR9847275,blaTEM-1
ERR3264605,none
SRR9847264,none
ERR3306109,none
SRR18319010,none
ERR3306262,none
ERR3306447,none
SRR11233598,none
SRR9847076,none
ERR2206576,none
ERR3306684,none
ERR3306542,blaTEM-1
SRR18319238,none
ERR2206483,none
ERR3305933,none
ERR3264532,none
SRR18319184,none
ERR3264555,none
ERR3305962,none
ERR3264481,none
ERR2560702,none
SRR9123344,none
ERR3264561,none
SRR18319257,none
ERR3305948,none
SRR16080677,none
SRR18318910,blaTEM-1
ERR3306529,none
ERR3306700,none
ERR3264413,none
ERR2206527,none
ERR3264844,none
SRR18318895,none
SRR9847113,blaTEM-1
ERR3264553,none
ERR3264627,none
SRR18319052,blaTEM-1
ERR3264918,none
ERR3306037,none
SRR16080975,none
ERR716301,none
ERR3306278,none
ERR3306587,none
ERR2206446,none
SRR9847405,blaTEM-1
SRR18318987,blaTEM-1
ERR3264804,none
ERR3306074,none
ERR3306765,none
ERR3264910,none
SRR16080882,none
ERR3306403,blaTEM-1
SRR3111798,none
SRR9847469,blaTEM-1
ERR3306245,none
ERR3306713,none
ERR2560724,none
ERR3306438,none
SRR18319004,none
SRR9327628,none
ERR3264782,none
SRR16080901,none
SRR9847592,none
SRR9123319,none
ERR3264453,none
ERR6049651,none
ERR3306392,none
SRR18318900,blaTEM-1
ERR3306200,none
ERR3306547,none
ERR3264455,none
ERR3306244,none
ERR3306519,none
ERR3306422,none
SRR9847531,none
SRR1656048,none
ERR3306362,none
SRR9123343,none
SRR18319291,none
SRR9847067,none
SRR9847535,none
ERR2206518,none
SRR9847631,none
ERR2206460,none
SRR9847381,none
SRR18319326,none
ERR3306059,none
ERR3264841,none
SRR3111827,none
SRR16080793,none
ERR3305944,blaTEM-1
ERR3306366,none
SRR18319096,blaTEM-1
SRR9331447,none
SRR7719291,none
SRR9847133,none
SRR18318836,none
ERR3264956,none
SRR9847066,none
SRR9847536,none
SRR18318953,blaTEM-1
SRR18319250,blaTEM-1
SRR9847041,none
ERR3306497,none
ERR2206517,blaTEM-1
ERR4013990,none
ERR6049654,none
SRR9847269,none
SRR9328972,none
SRR16080714,blaTEM-1
ERR3306457,none
SRR9331464,none
SRR16080840,none
ERR4014160,blaTEM-1
ERR3306561,none
ERR3306337,none
ERR3306073,none
ERR3264567,none
ERR3264772,none
ERR3306072,none
ERR2206395,none
SRR18319097,none
SRR9846999,none
SRR9847125,blaTEM-1
SRR16080936,none
ERR3306096,none
SRR9847436,none
ERR2560698,none
ERR3264794,none
ERR3264497,none
ERR2560773,none
SRR9123328,none
ERR3306580,none
SRR9847565,none
SRR18319223,none
SRR16080757,none
ERR4014144,none
SRR16080883,none
ERR3306461,none
ERR2206440,none
ERR3306698,none
SRR18318791,none
ERR2206366,none
SRR18319026,none
ERR3306424,none
ERR3306004,none
ERR3306125,none
ERR4014235,none
SRR9847593,none
ERR3305971,none
ERR3305940,none
SRR16080880,none
SRR7692466,none
ERR3264830,none
ERR3306373,none
ERR3306260,none
SRR18318816,none
SRR16080829,none
ERR3264661,none
ERR2560696,none
SRR18318944,none
ERR3306510,none
ERR716304,none
SRR9847340,none
ERR3264485,none
ERR3306551,none
SRR9847626,none
ERR3264642,none
ERR2560736,none
SRR9847011,none
ERR3305941,none
SRR9847225,none
ERR3306329,none
ERR3264715,none
ERR3264538,none
ERR3264655,none
SRR16080953,none
ERR4014659,blaTEM-1
ERR3306158,none
ERR3264571,none
SRR16080725,none
ERR3264645,none
SRR9847164,none
SRR9847244,none
ERR3306527,none
SRR11233610,none
ERR3306633,none
ERR3306597,none
SRR9847131,none
ERR6049662,none
SRR18318918,none
ERR3306605,none
SRR9123348,none
SRR9847576,none
ERR2206356,none
SRR9847433,blaROB-1
SRR7692465,none
ERR3306513,none
SRR16080828,none
SRR7692463,none
SRR9847216,none
SRR9847582,none
ERR2206403,none
SRR16080864,none
ERR3306032,none
SRR9326325,none
SRR7692464,none
SRR9847128,none
SRR9847290,blaTEM-1
SRR18319031,blaTEM-1
SRR9847449,none
ERR5262142,blaTEM-1
SRR18319055,blaTEM-1
ERR2206485,none
SRR16080846,none
ERR3306013,none
ERR3306777,none
SRR9327625,none
SRR18319294,blaTEM-1
ERR3305947,none
SRR18318981,none
SRR18318946,blaTEM-1
SRR9847511,blaTEM-1
SRR9847616,none
ERR3306063,none
ERR3306017,none
ERR3264470,blaTEM-1
ERR4014005,none
ERR3306203,none
SRR9847412,none
ERR2560725,none
ERR3306387,none
SRR1655257,none
ERR3306222,none
SRR9847271,blaTEM-1
ERR3264450,none
ERR3264474,none
SRR18318943,none
ERR3264586,none
SRR9847643,none
SRR9847573,none
SRR9847401,none
ERR2560716,none
SRR18319009,none
SRR18319063,none
SRR9847043,none
SRR9847442,blaTEM-1
SRR1655917,none
ERR3306162,none
SRR9847350,none
ERR2206587,blaTEM-1
ERR3264443,none
ERR3306152,none
SRR16080900,none
ERR3306180,none
SRR18318891,blaTEM-1
SRR18319189,none
ERR3264595,none
ERR3306770,none
ERR3264877,none
ERR6049676,none
SRR18318941,none
SRR18319129,none
ERR3306041,none
ERR3264857,none
ERR2560761,none
ERR2206492,none
ERR4014003,none
ERR3306667,none
ERR3264921,none
SRR9847389,none
SRR9847162,none
SRR11233614,none
ERR3306091,none
ERR3264859,none
SRR16080912,none
ERR3306715,none
ERR3264840,none
ERR3306707,none
SRR9847352,blaTEM-1
ERR3264514,none
SRR9847466,none
ERR3306774,none
ERR3306164,none
ERR3264583,none
SRR16080847,none
ERR2206503,blaTEM-1
ERR3305931,none
ERR3264843,none
ERR3306390,none
SRR18319020,blaTEM-1
ERR3306641,none
SRR9123353,none
ERR2560735,none
ERR2206528,blaTEM-1
SRR18319029,blaTEM-1
SRR9847198,blaTEM-1
SRR9847545,none
ERR6049661,none
SRR3404586,blaTEM-1
ERR3264545,none
SRR11233579,blaTEM-1
SRR18319316,none
ERR3306076,none
ERR3264637,none
ERR4014032,none
SRR9847316,none
SRR18318787,none
SRR9847100,none
SRR9847284,none
ERR3264768,none
SRR3404592,blaTEM-1
ERR2206514,none
SRR9327617,none
ERR3306197,none
SRR16080944,none
ERR2206362,none
SRR18318784,blaTEM-1
SRR18319296,none
ERR3306182,none
ERR2206490,none
ERR2206558,none
SRR9847622,none
ERR716278,none
SRR9847069,blaTEM-1
ERR3306370,blaTEM-1
ERR2206499,none
ERR3264892,none
ERR3306179,none
SRR9847137,none
SRR18319240,none
ERR2206431,none
SRR18319185,none
ERR3306557,none
ERR3306115,none
ERR3306571,none
SRR18318833,none
ERR3264572,none
ERR3264685,none
ERR3264938,none
ERR3306215,none
SRR9847337,none
ERR3264913,none
ERR716306,none
ERR2206454,none
SRR2148856,none
ERR2206594,none
ERR3264781,none
ERR6049664,none
ERR3306340,none
SRR18319043,none
ERR3306095,none
SRR9123337,none
ERR3306049,none
SRR18319213,none
SRR9331822,none
SRR3404594,blaTEM-1
SRR18319265,none
ERR3306534,none
SRR18318896,blaTEM-1
SRR9847146,none
SRR18319099,none
SRR16080704,none
SRR18318889,none
ERR3306099,none
ERR3306148,none
SRR18318945,blaTEM-1
ERR3306398,none
SRR18319027,none
ERR2206505,none
SRR7692438,none
SRR9847003,blaTEM-1
SRR16080979,none
ERR3264948,none
ERR3306727,none
ERR3306454,none
SRR18319012,none
SRR9847542,none
ERR3306545,none
ERR3264692,none
SRR7692486,none
SRR18318808,none
ERR2206399,none
SRR9331444,none
SRR18318811,none
SRR18319016,none
ERR2560733,none
SRR9847328,none
ERR3306665,none
ERR2206564,none
SRR9847014,blaTEM-1
SRR2537209,none
ERR5262136,blaTEM-1
SRR9847169,blaTEM-1
ERR3264740,none
ERR3306283,none
SRR9847132,none
SRR9847508,none
ERR3264790,none
ERR2206421,none
SRR18319224,blaTEM-1
SRR7692529,blaTEM-1
SRR16080689,none
SRR3111829,none
SRR9847623,blaTEM-1
ERR716330,none
SRR9847150,none
SRR9847046,none
ERR3306205,none
ERR3264620,none
ERR3264850,none
SRR9846996,none
ERR2206484,blaTEM-1
SRR18318940,blaTEM-1
ERR3306248,none
ERR3306310,none
SRR9327618,none
SRR9847173,blaTEM-1
ERR3264947,none
SRR16080730,none
ERR3264434,none
SRR3111819,none
SRR16080682,none
SRR9847207,blaTEM-1
SRR18318842,none
SRR9847357,none
ERR3264392,none
ERR2560726,blaTEM
SRR9328976,none
SRR16080937,none
SRR18319095,none
SRR9847180,none
SRR9328960,none
SRR9847263,none
ERR3264423,none
SRR18319168,none
SRR9847252,none
ERR3264718,none
ERR3264709,none
SRR9847347,blaTEM-1
SRR9847298,blaTEM-1
ERR3264591,none
ERR3306386,none
ERR3306009,none
SRR9847504,blaTEM-1
SRR18319151,none
ERR3306272,none
SRR16080965,none
SRR18319065,blaTEM-1
ERR3306273,none
SRR9846998,blaTEM-1
ERR3264404,none
SRR9326326,none
SRR7692436,none
ERR3306507,none
SRR18319322,none
ERR3264909,none
SRR9847266,none
SRR9847411,blaTEM-1
SRR9847319,none
SRR9847417,none
ERR3306669,none
SRR18319271,none
SRR7692468,none
SRR18318851,none
SRR16080909,none
ERR2560783,none
ERR3264711,none
SRR9123321,none
SRR9847265,none
SRR9847053,blaTEM-1
ERR2206396,none
ERR3264670,none
ERR3264960,none
SRR16080680,none
ERR3305992,none
SRR16080827,none
ERR2206591,none
SRR9327626,none
ERR716276,blaTEM-95
ERR3264504,none
SRR18319034,none
SRR10905874,blaTEM-1
ERR2560710,blaTEM-1
SRR18319133,none
SRR9847042,none
ERR5262127,none
SRR7719287,none
ERR2206584,blaTEM-1
ERR3264925,none
ERR3306167,none
ERR716325,none
SRR18318785,none
ERR3264937,none
SRR9328959,blaTEM-1
ERR3306369,none
ERR2206473,none
SRR18319205,blaTEM-1
ERR3306307,blaTEM-1
SRR18319272,none
SRR9847450,none
SRR18319163,blaTEM-1
SRR18318959,none
SRR16080756,none
ERR3306190,none
SRR1655821,none
ERR3306559,none
ERR2206513,none
SRR9847160,none
ERR3306487,none
ERR2206508,none
ERR3264971,none
ERR3306435,none
ERR3264664,none
ERR3306406,blaTEM-1
ERR3264454,none
ERR3306764,none
SRR9847220,none
SRR18319305,none
SRR18318848,blaTEM-1
SRR9847270,none
ERR3264851,none
ERR6049650,none
SRR9847301,none
SRR16080821,none
SRR16080745,none
ERR3264575,none
SRR9123342,none
SRR9847518,none
SRR7719264,none
ERR3264791,none
ERR3306579,none
ERR3264659,none
SRR16080913,none
SRR7692439,none
SRR9847409,none
SRR9847489,none
SRR16080755,none
ERR2560707,none
SRR1655964,none
SRR18319059,none
SRR7692479,none
ERR3264880,none
SRR9847388,none
SRR9847107,none
ERR3306160,none
ERR2206422,none
SRR18319211,blaTEM-1
ERR3264903,none
SRR9847583,blaTEM-1
ERR2206506,none
SRR16080679,none
ERR3264417,none
ERR3306246,none
ERR3306060,none
SRR18319252,blaTEM-1
SRR18319225,none
SRR9847448,none
ERR3306562,none
SRR3111812,none
ERR3306410,none
ERR5262139,none
ERR3264863,none
SRR16080955,none
SRR11233607,none
SRR9847118,none
SRR16080809,none
SRR11233615,none
ERR2206455,none
SRR9331830,none
ERR3264712,none
ERR4014564,none
SRR18319028,none
SRR9847421,blaTEM-1
ERR3264894,none
ERR3306189,none
ERR3305965,none
SRR18318966,blaTEM-1
ERR3264942,none
ERR2206424,none
ERR2560764,none
SRR18319078,none
ERR3264697,none
ERR3264632,none
ERR3306769,none
SRR16080839,none
SRR18318845,none
ERR3306075,none
ERR3306263,none
ERR3306279,none
SRR9847620,none
ERR3264472,blaTEM-1
SRR18319175,blaTEM-1
SRR9847147,none
ERR3306570,none
ERR2560730,none
ERR3306238,none
ERR716323,none
SRR9847259,none
SRR16080857,none
SRR18319160,none
SRR7692448,none
SRR9847210,none
SRR9847077,none
SRR9847500,blaTEM-1
SRR16080844,none
SRR9847621,none
ERR2206512,none
ERR3306393,none
SRR9847202,blaTEM-1
SRR18319259,none
SRR9847470,none
ERR3264621,none
SRR18319098,blaTEM-1
ERR3264531,none
SRR18319239,blaTEM-1
SRR18319093,none
ERR2206426,none
SRR7692435,none
SRR16080877,none
ERR3305959,none
SRR16080752,none
SRR9847485,blaTEM-1
ERR3264652,none
SRR16080920,none
ERR3306266,none
SRR7692447,none
SRR18319089,none
SRR10905881,none
SRR9847155,none
SRR18319025,blaTEM-1
SRR9847336,blaTEM-1
SRR9847609,blaTEM-1
ERR3264461,none
SRR9331811,none
ERR3306531,none
SRR9847304,none
ERR2206392,none
ERR3305932,none
ERR3306683,none
SRR9123326,none
ERR3306359,none
ERR3264590,none
SRR9328970,none
SRR16080812,none
SRR12827770,blaTEM-1
ERR3306418,none
ERR3306298,blaTEM-1
SRR16080928,none
ERR2206372,none
SRR3111824,none
SRR9847212,none
SRR18318934,none
SRR18318939,none
ERR2206427,none
SRR18319176,none
SRR16080903,blaTEM-1
ERR2560779,none
ERR3264594,none
SRR18318799,none
SRR9847587,none
SRR18319171,none
SRR9847234,none
ERR3306384,none
SRR18318869,none
SRR9847454,blaTEM-1
SRR18319308,none
ERR3306056,none
SRR9847602,none
ERR3306154,none
ERR3306034,none
ERR3264488,none
ERR6049668,none
SRR18318969,none
ERR3306629,none
SRR18318974,blaTEM-1
ERR3306084,none
ERR3264989,none
SRR18319091,none
SRR16080743,none
ERR3306681,none
ERR4014141,none
ERR3306194,none
SRR16080872,none
ERR6049657,none
SRR16080802,none
ERR3264793,none
SRR12805646,none
ERR2206532,none
ERR3305993,none
ERR3264544,none
ERR3306311,none
ERR3264901,none
ERR3306220,none
SRR18319150,blaTEM-1
ERR3306676,none
ERR3264858,none
SRR9331816,none
ERR3264839,none
SRR9847174,none
ERR2206478,none
ERR3264616,none
ERR2206438,none
SRR7692442,none
ERR3264524,none
SRR3111845,blaTEM-1
SRR16080739,none
ERR2560700,blaTEM-1
SRR9847142,blaTEM-1
SRR18319194,none
SRR18319412,none
ERR3306484,none
ERR3264927,none
ERR716290,none
ERR2206493,none
ERR3306178,none
SRR18318796,none
ERR3264528,none
ERR2206407,none
ERR2206486,none
SRR9328957,none
SRR16080736,none
ERR3264597,none
ERR3306230,none
ERR3264679,none
ERR2206387,blaTEM-1
SRR18318931,none
SRR9328971,none
SRR18319335,none
SRR9847126,none
ERR6049680,none
SRR18319076,none
ERR3264701,none
SRR18318952,blaROB-1
ERR3306460,none
SRR16080974,none
SRR18319315,blaTEM-1
ERR3264419,none
ERR5262175,none
SRR12805667,none
ERR3306637,none
SRR16080683,none
SRR9847378,none
SRR16080782,none
SRR9847525,none
SRR9847096,none
ERR3264537,none
SRR9847619,none
SRR18318979,none
SRR18318841,none
SRR18318876,none
SRR9331813,none
SRR18318994,none
SRR18319074,none
ERR2206451,none
SRR9847226,none
ERR3264821,none
SRR18318958,none
ERR3306165,none
ERR3306290,none
ERR3264756,none
ERR3306002,none
ERR3264641,none
SRR9846997,blaTEM-1
ERR3264730,none
ERR2206551,none
ERR3305978,none
ERR3306584,none
ERR3264607,none
SRR9847245,none
ERR3306280,none
ERR2206511,none
ERR3264762,blaTEM-1
SRR16080971,none
ERR3306595,none
SRR16080824,none
SRR9847181,none
ERR3306631,none
SRR9847012,none
ERR3306729,none
ERR3264579,none
SRR16080697,none
ERR3306526,blaTEM-1
ERR3264986,none
SRR18319148,blaTEM-1
SRR18319244,none
SRR9847430,none
SRR18319195,none
SRR18319164,blaTEM-1
ERR3306226,none
SRR16080789,none
SRR3111814,none
SRR18319128,none
ERR3264644,none
ERR2206491,none
SRR18319300,none
ERR2206521,none
ERR3264397,none
SRR18318897,none
ERR3306169,none
SRR9847103,blaTEM-1
SRR9847028,none
SRR16080741,none
SRR16080740,none
SRR9847148,none
ERR3264435,none
SRR9123330,none
ERR3264412,none
ERR3306039,none
ERR3264635,none
SRR18319101,none
ERR3306405,none
ERR3264393,none
SRR18319141,none
SRR9847408,blaTEM-1
SRR9847568,blaTEM-1
SRR9847480,none
SRR9847444,none
SRR9847382,none
ERR4014175,none
ERR3264410,none
SRR9847343,none
SRR11233595,none
SRR18318976,none
ERR3306011,none
ERR2206342,blaTEM-1
SRR18319167,blaTEM-1
SRR18318792,none
ERR3264663,none
ERR3306602,none
SRR18319103,blaTEM-1
ERR3264824,none
ERR716262,none
ERR3264753,none
ERR3264914,none
ERR3264629,none
SRR9847599,none
ERR716303,none
ERR3306061,none
SRR16080768,none
ERR3306069,none
SRR9331453,none
ERR3306493,none
ERR2206417,none
ERR3306509,none
ERR3306732,none
ERR3306724,none
ERR3264748,none
ERR3306668,none
SRR9847432,none
ERR716291,none
ERR3264483,none
ERR4014611,none
SRR3111834,none
ERR3264415,none
SRR11233591,none
ERR3306111,none
ERR3306543,none
SRR12805681,blaTEM-1
SRR18319135,none
ERR3264807,none
ERR2206344,none
SRR9123331,none
SRR13065832,none
ERR3306048,none
ERR2206495,none
ERR2206409,none
ERR3264849,none
ERR3306560,none
SRR9847537,none
ERR3264556,none
SRR9847279,none
SRR9847441,blaTEM-1
ERR3306730,none
ERR3264972,none
SRR9847272,none
ERR3306586,none
ERR3306144,none
SRR16080795,none
ERR2560701,none
ERR5262162,none
SRR18319081,blaTEM-1
ERR3306312,none
SRR9847332,blaTEM-1
SRR18319079,none
SRR16080911,none
SRR18319015,blaTEM-1
SRR9847029,none
SRR18318875,blaTEM-1
SRR18318807,none
ERR2206547,none
ERR3306249,none
SRR18318803,none
ERR3264704,none
ERR4014503,none
ERR3306650,none
ERR2206353,none
SRR9847344,none
SRR9847356,none
ERR2560723,blaTEM-1
ERR3264691,none
ERR3306612,none
ERR3264797,none
ERR3264779,none
ERR3264856,none
ERR3264603,none
SRR11233616,none
SRR9847339,none
ERR2206361,blaTEM-1
ERR3305954,none
ERR2206562,none
ERR3306601,none
SRR18319206,none
SRR16080938,none
ERR3264887,none
SRR9123325,none
ERR3305973,none
SRR9847196,none
ERR2206412,none
SRR16080813,none
ERR3306046,none
ERR2560721,none
SRR18318828,blaTEM-1
ERR3264654,none
SRR16080787,none
ERR3264891,none
SRR11233602,none
ERR3264694,none
SRR9123315,none
ERR3306522,blaTEM-1
ERR3306751,none
SRR9331827,none
ERR3306327,none
SRR18319106,none
SRR16080712,none
ERR3306748,none
SRR16080855,none
SRR9847237,none
SRR9847287,blaTEM;blaTEM-1
ERR3306020,none
ERR3306320,none
SRR16080981,none
SRR9847538,none
ERR3264898,none
SRR7719275,none
ERR3306469,none
SRR9331809,none
SRR9847193,none
ERR3306033,none
ERR6049659,none
ERR2560715,blaTEM-1
ERR3306043,none
ERR2206377,none
ERR3306441,none
SRR18318863,none
ERR3264736,none
ERR2206577,blaTEM-1
ERR3306318,none
SRR9847186,blaTEM-1
SRR9847473,none
SRR9847307,none
ERR3306634,none
SRR9847281,none
ERR3306430,none
SRR9328963,none
ERR3306210,none
SRR9847152,none
ERR2206563,none
SRR9185092,none
ERR2206332,none
ERR3306187,none
SRR9847105,blaROB-1
ERR3264601,none
ERR2560776,none
ERR3264924,none
SRR9847308,none
ERR3306354,none
SRR9326333,none
SRR18318989,blaTEM-1
SRR18319320,blaTEM-1
SRR9847414,none
ERR3306232,blaTEM-1
SRR18319410,none
ERR3264452,none
SRR18318997,none
ERR3306532,none
SRR16080925,none
SRR16080823,none
ERR3306068,none
SRR9847007,none
SRR9847647,blaTEM-1
SRR9847558,blaROB-1
SRR18319340,none
ERR2560722,none
SRR9847628,blaTEM-1
ERR3264547,none
SRR18319157,none
DRR235028,none
ERR2560727,none
ERR3264541,none
SRR18318817,none
SRR11233589,none
SRR18319304,none
SRR9847561,blaTEM-1
SRR9847083,none
ERR3306421,none
ERR3264750,none
SRR18318926,blaTEM-1
ERR3264714,none
SRR9847138,none
ERR3264744,none
SRR18319118,none
SRR16080737,none
ERR2206379,none
ERR3306289,blaTEM-1
ERR2560734,none
SRR18318824,none
ERR3306388,blaTEM-1
SRR18319123,none
ERR3264963,none
SRR9847255,none
ERR3306255,none
SRR9847509,none
SRR9847211,blaTEM-1
SRR9847027,none
ERR3264873,none
SRR9326330,none
ERR2206450,none
SRR18319333,none
SRR9328979,none
ERR3264761,none
SRR9847215,none
ERR3264862,none
ERR3264492,none
SRR16080698,none
ERR3306031,none
SRR9847229,blaTEM-1
ERR3306277,none
ERR4014140,none
ERR3264981,none
SRR9847037,none
SRR2537211,blaTEM-1
ERR3264437,none
ERR3264477,none
ERR3264733,none
SRR9847547,none
ERR2206459,none
SRR18319254,none
ERR3306257,none
ERR3306302,none
ERR3306555,none
ERR3264494,none
SRR16080870,none
ERR3264503,none
SRR16080982,none
ERR3264409,none
SRR9847443,none
SRR16080978,none
SRR18319191,none
SRR7719256,none
SRR9847283,blaTEM-1
ERR3306242,none
ERR3264525,none
ERR4014150,blaTEM-1
SRR9847457,none
SRR9847506,none
SRR9847251,none
ERR3306016,none
SRR9847286,none
SRR18318806,none
ERR3306448,none
SRR18319006,blaTEM-1
SRR16080799,none
SRR9847331,none
ERR5262161,blaTEM-1
ERR3306588,none
ERR3264529,none
ERR3264523,none
ERR3306680,none
ERR3264598,none
SRR18318998,none
ERR3264678,none
SRR18318834,blaROB-1
SRR16080764,blaTEM-1
ERR3264490,none
SRR16080834,none
ERR3264436,none
SRR3404596,blaTEM-1
ERR2206444,none
SRR9847384,none
SRR9331451,none
SRR9847651,none
ERR2560719,none
SRR3111826,none
ERR2206566,none
ERR716265,none
SRR9847365,none
ERR3306363,none
SRR9331821,none
SRR7692498,blaTEM-1
ERR2206556,none
SRR18318804,blaTEM-1
ERR3264574,none
ERR3306636,none
SRR9331449,none
SRR16080733,none
ERR3264411,none
ERR3306714,none
ERR3306331,none
ERR2560751,none
SRR16080896,none
ERR3305934,none
SRR9847397,blaTEM-1
ERR2206523,none
ERR3264566,none
ERR716300,none
SRR18319014,none
SRR9847557,none
SRR9847551,none
SRR16080753,none
SRR9847064,blaTEM-1
ERR3306233,none
SRR7692519,none
ERR2206349,none
SRR11233606,none
SRR3404587,blaTEM-1
SRR18319313,blaTEM-1
SRR7692513,none
ERR716266,none
SRR9847141,none
ERR3306735,none
SRR16080835,none
ERR4013943,blaTEM-1
SRR9847455,none
ERR3305930,none
SRR9847361,none
SRR9847419,none
SRR16080983,none
ERR3264669,none
ERR5262119,none
ERR2206489,none
SRR9847369,none
ERR2560762,none
SRR9328966,none
ERR3264650,none
SRR18319086,blaTEM-1
ERR3264651,none
SRR16080727,none
ERR3264560,none
ERR3306546,none
SRR16080696,none
SRR16080695,blaTEM-1
SRR12416751,none
ERR3264984,none
ERR3306716,none
SRR9327620,none
ERR2560774,none
ERR3264407,none
SRR18319104,blaTEM-1
SRR9847503,none
SRR18318996,none
SRR9331831,none
SRR9327609,none
SRR2537207,none
ERR3306626,none
SRR16080842,none
SRR9847208,blaTEM-1
ERR2206529,none
SRR16080717,none
ERR2206348,none
ERR6049670,none
SRR18318995,blaTEM-1
ERR2206447,none
ERR3306477,none
SRR9328952,none
ERR3306127,none
ERR2206590,none
SRR9847258,none
SRR9847247,none
ERR2206453,none
ERR6049656,none
SRR9847056,none
ERR3306383,none
ERR3306475,none
SRR18319413,none
ERR2206433,none
SRR1655253,none
ERR3306097,none
SRR9123329,none
SRR9847393,blaTEM-1
ERR3264636,none
ERR4014007,none
SRR9331466,none
SRR18318882,none
SRR9847379,blaTEM-1
ERR3306600,none
SRR9847605,blaTEM-1
SRR9847612,none
SRR9327605,none
ERR3306129,none
ERR3306211,none
ERR3264747,none
SRR16080929,none
ERR3306577,none
SRR9847052,none
SRR16080754,none
SRR9847106,none
SRR9846993,none
SRR11233592,none
SRR16080924,none
ERR3306568,none
SRR18319229,none
SRR9847416,none
SRR9326327,none
SRR1655310,none
SRR9847257,blaTEM-1
ERR3306005,none
SRR18319209,blaTEM-1
SRR18319242,blaTEM-1
ERR3306029,none
ERR3264530,none
ERR4014544,blaTEM-1
ERR2560708,none
SRR9847648,none
ERR3306313,none
SRR18319023,none
ERR3264823,none
ERR2206544,none
ERR3306296,none
SRR16080954,none
SRR9847425,none
ERR3264847,none
ERR2206588,none
ERR2206346,none
SRR7719288,none
ERR3264432,none
ERR3306664,none
SRR18319149,blaTEM-1
ERR3306754,none
SRR7719295,none
SRR9847642,none
SRR9123327,none
ERR3306416,blaTEM-1
SRR16080779,none
ERR3306136,none
SRR9847021,none
SRR9847097,none
ERR3306121,none
SRR16080792,none
SRR16080927,none
SRR16080910,none
SRR18318831,blaTEM-1
ERR3264610,none
ERR2206432,none
SRR18319011,none
ERR3264559,none
SRR11233580,none
SRR9328951,none
SRR18319165,none
ERR2206383,none
SRR18319243,none
ERR3306685,none
SRR7692423,none
SRR9847045,blaTEM-1
SRR18318872,none
ERR3306468,none
ERR3306000,none
ERR3264622,none
ERR3305915,none
SRR7692499,none
SRR2537176,none
ERR3306739,none
ERR3306330,none
ERR3264471,blaTEM-1
SRR16080713,none
ERR3264658,none
SRR18318919,blaTEM-1
ERR3264968,none
SRR16080939,none
SRR9847453,blaTEM-1
ERR3306133,none
SRR9847024,none
ERR2206373,none
SRR18319276,none
ERR3264456,none
ERR3264403,none
ERR2206571,none
ERR3264808,none
SRR9847054,none
SRR18318885,none
SRR9847025,none
SRR9847445,none
ERR3264845,none
ERR716305,none
SRR18318909,none
SRR9847168,none
ERR3306065,none
SRR9847468,none
SRR9847373,none
SRR9847527,none
ERR3306064,none
ERR3306112,none
SRR9847050,blaTEM-1
ERR3306376,none
SRR16080738,none
ERR3306492,none
SRR9847143,none
ERR3264618,none
SRR9847548,blaTEM-1
ERR3306440,none
SRR11233609,none
SRR18319263,blaTEM-1
ERR2206334,none
SRR18318915,blaTEM-1
ERR3264565,none
ERR3264723,none
ERR3306502,none
ERR3264536,none
ERR3306446,blaTEM-1
SRR9847061,none
ERR6049682,none
SRR7692445,none
ERR3306231,blaTEM-1
ERR2206555,none
SRR9847380,none
ERR3264739,none
SRR9328958,none
ERR3264717,none
SRR18318839,none
SRR18319166,none
SRR16080876,none
SRR18319102,none
SRR10906047,none
SRR9847130,none
ERR3305952,none
ERR3306442,none
ERR3306583,none
ERR6049660,none
ERR3306640,none
SRR16080710,none
ERR3306350,none
SRR9847429,blaTEM-1
ERR3306371,none
ERR3264900,none
ERR3264683,none
SRR9847227,none
SRR9331452,none
SRR9847057,blaTEM-1
ERR3264757,none
SRR9331456,blaTEM-1
ERR3306216,none
SRR18319155,none
SRR9847000,none
ERR3306213,none
ERR3306192,none
SRR7692434,none
ERR3306564,blaTEM-1
SRR9328950,none
ERR3264476,none
SRR9847402,none
SRR9847002,none
SRR16080772,none
SRR18318809,none
ERR3264395,none
SRR9847273,none
ERR3264662,none
SRR16080819,none
SRR18319139,none
SRR16080818,none
SRR9847156,none
ERR3306381,none
SRR18319092,none
ERR5262137,none
SRR9847341,none
SRR18319255,none
ERR3264542,none
SRR16080693,none
SRR16080868,none
ERR3264613,none
ERR3264811,none
SRR18318881,none
ERR3264988,none
ERR3306024,none
SRR9847163,blaTEM-1
ERR3264546,none
SRR9847553,blaTEM-1
SRR9847277,none
SRR18318913,none
SRR9847300,blaTEM-1
ERR3306050,none
ERR3264459,none
ERR3264440,none
ERR2560767,blaTEM-1
SRR9847481,none
ERR3264749,none
ERR3306110,none
ERR3306703,none
ERR2206578,blaTEM-1
ERR3306036,none
SRR9328961,none
SRR18319021,none
SRR9847070,blaTEM-1
SRR9847606,none
SRR9327627,none
ERR4013853,blaTEM-1
ERR3264929,none
SRR16080951,none
ERR3264980,none
ERR3306131,none
ERR3306086,none
ERR3264722,none
ERR2206441,none
ERR3305951,none
ERR2206595,none
SRR9847497,none
ERR2206541,none
ERR2560699,none
SRR18318879,none
SRR18319017,none
SRR9847618,none
SRR9123322,none
ERR3306481,none
ERR2560717,none
ERR3264978,none
ERR3306364,none
ERR3306382,none
SRR18318961,none
ERR3306253,none
ERR3264426,none
SRR9847617,none
ERR3306143,none
SRR18319049,none
SRR18319002,none
SRR16080694,none
SRR18319170,none
ERR6049683,blaTEM-1
SRR16080984,none
ERR3306449,none
ERR3306100,none
ERR2206496,none
SRR3111836,none
SRR16080915,none
ERR2206540,none
SRR18319132,none
SRR9328977,none
SRR9847541,none
SRR9331443,none
ERR3306291,none
SRR16080850,none
ERR4014612,none
ERR2560759,none
ERR3264738,none
SRR9847190,none
ERR3306423,none
ERR2206335,none
SRR7692478,none
ERR3306022,none
ERR3306412,none
ERR3264896,none
ERR2206560,none
ERR3264473,none
SRR18318949,none
ERR3264420,none
ERR3306661,none
SRR18319070,none
SRR18319228,blaTEM-1
SRR16080805,none
SRR9847637,none
SRR18319119,none
SRR9847358,none
ERR4014031,none
SRR18318955,blaTEM-1
ERR3264577,none
SRR18319032,blaTEM-1
ERR2206462,none
SRR18318861,blaTEM-1
ERR3264422,none
ERR2206347,none
SRR11233587,blaTEM-1
SRR7719292,none
SRR16080748,none
SRR9847329,blaROB-1
ERR3264728,none
SRR9123335,none
SRR18319105,none
ERR3306236,none
ERR3264491,none
SRR18319190,none
SRR16080822,none
ERR3264798,none
ERR3306397,none
SRR3404588,blaTEM-1
SRR9326328,none
SRR9847317,blaTEM-1
ERR3306202,none
SRR18318890,none
ERR3306008,none
ERR2206401,none
SRR9847437,none
SRR18319411,none
ERR4013917,blaTEM
SRR18319019,blaTEM-1
SRR9847601,none
ERR4013856,none
ERR3264975,none
ERR3264600,none
ERR3264951,none
SRR18319178,blaTEM-1
ERR3306341,none
ERR3264596,none
ERR2206550,none
SRR9847145,none
SRR18318894,none
ERR3306524,none
SRR7719289,none
SRR18319261,none
SRR18318988,blaTEM-1
ERR3264908,none
ERR3306090,none
ERR3306003,none
ERR3306607,none
SRR18319298,none
ERR3264576,none
ERR3264402,none
ERR2206386,none
SRR18318916,none
ERR3306053,none
SRR18318892,none
ERR2206367,none
SRR9327599,none
ERR5262147,none
ERR2560756,none
